,PHATE1,PHATE2
GATGAGGCATTTCAGG-1,-2.169155740181439,-1.5717817613266465
GTCATTTCATCTCGCT-1,-1.7193551989127194,7.516678320208639
CTGAAACAGCTTCGCG-1,-3.1944814199576457,6.6619249969079615
CTCGGAGGTCTCCACT-1,4.02776263789809,-6.80081469982713
AGAGCTTAGCTGTTCA-1,2.071651969373189,7.456668309859688
ACCGTAACAGTATAAG-1,-10.161918949480059,-3.5255165523596474
CTCGAAAAGGTGCTTT-1,-10.326622050542248,-2.8929587633427065
ATCCACCGTTTGGGCC-1,20.50715914019593,-3.199361731897014
GCGACCAGTCTTGCGG-1,-8.497300319162145,-3.1521984454736036
CGTGTCTGTCGAGATG-1,-4.982396545032296,3.1078811856566424
GCTGCAGTCCATTCTA-1,16.5189279086889,-1.5969745593688873
CTCGGAGGTAAGTGTA-1,-7.342483076138078,-3.804367265513435
CAGCTAAAGTGTACCT-1,-3.2361739446200413,-4.18786733340752
GGGTTGCGTTGTACAC-1,-6.8754001844670345,0.4508877481407124
CCGTGGATCTACCAGA-1,14.729834633795196,-5.4661315406902515
TCTTTCCCAACTGCGC-1,-8.711969792951228,-3.1002940679766495
CCACGGAGTCTACCTC-1,-4.887541456562874,5.250990602929396
TGGTTCCAGTCAAGCG-1,14.698548053166787,-5.726379875399159
CGGAGCTCAGCTTCGG-1,-7.722886498574507,-2.1662670556426997
ATCTGCCAGACGCACA-1,-5.812323346934054,0.28229061552622137
GTCATTTAGGCCGAAT-1,1.1958419931615503,-6.0653476431618705
TGTGGTATCTGTTTGT-1,-2.2431406502035567,6.066117575171506
CTGTGCTTCGTTGCCT-1,-8.274148967379757,-3.074858805030734
CAAGTTGAGTGCGTGA-1,12.856438365992421,-4.561376607699735
CTGAAACAGATCCCGC-1,8.375911983170752,7.890773664070522
CGCTGGACACGGTGTC-1,12.13129042210435,5.415596271956691
CAAGGCCAGGTGTTAA-1,-5.545498965313251,-1.398074032541406
GTACTTTCAATAGAGT-1,-4.228564136400796,6.7400431764555995
TGAGGGAGTATAAACG-1,5.925247235882495,7.681659501733912
CTACCCACAATCGGTT-1,-5.288478872360193,5.1150182363508145
GTATTCTTCGTTGACA-1,9.461965564872816,7.97328414924064
CGATGGCCATGGTAGG-1,19.5495740227476,-3.2206695331820927
TGGCCAGGTTCCTCCA-1,-8.486289900266508,-2.357551045807014
GCAGTTAGTCACTGGC-1,15.982383823268044,-3.590150517821368
CACCACTGTGATGTGG-1,6.809925486784628,7.742477610692678
AAAGTAGAGCACGCCT-1,10.1307271798245,7.840301304586122
ACACCGGTCAGCCTAA-1,-3.499566342165171,6.533176690518851
TCAGGATTCTGATTCT-1,20.43733857556565,-3.3373881566495838
GATGCTATCATAAAGG-1,-4.394296258460066,5.349744070358289
GACGTGCGTGGTTTCA-1,12.73395570959326,-5.891173832966658
CACATTTTCAACGCTA-1,-8.661665142167106,-3.0424185806644926
TGAGCATAGTACGCGA-1,-4.369744265886838,5.471386031755564
GGCTCGAAGCGAGAAA-1,15.322427693274806,-3.0121369039219914
CCGGGATCACCTGGTG-1,-8.596983374858091,-2.369389193978492
TTGCCGTTCCTAGAAC-1,-6.612029908355247,4.331866274391616
CGCCAAGGTTCCACAA-1,3.6724752894593653,-6.58125762055874
GAAGCAGGTTACCAGT-1,-9.760480433273385,-3.8530190612265454
GGGTTGCCAGACAGGT-1,-7.778740988730643,-2.7673337839108876
CTCGGAGGTGTAACGG-1,-8.790721484181715,-1.0825798854972073
AAGACCTAGTCCGGTC-1,-8.36380912362808,-0.058293417044749024
AGTGAGGCAAGGACAC-1,-10.03094560072681,-3.2934396077104697
ACACTGAGTCGTCTTC-1,-9.784335925779946,-1.270423743976794
GGGATGATCTACCTGC-1,9.110384425571855,8.029168480845483
CACATTTCACAACTGT-1,-10.528988634474983,-3.6152725480087504
ACATGGTTCCTTAATC-1,-9.19438901434449,-0.6244522109470015
CACAAACGTAGATTAG-1,3.706052984099675,-7.066955748192964
CAACCTCTCTAACCGA-1,-9.882998586018866,-3.5834586846326473
